{
  "tags": {
    "allowUnknownTags": true,
    "dictionaries": ["jsdoc"]
  },
  "source": {
    "include": ["lib", "package.json", "README.md", "index.js"],
    "includePattern": ".js$",
    "excludePattern": "(node_modules/|docs)"
  },
  "plugins": [
    "plugins/markdown"
  ],
  "templates": {
    "cleverLinks": false,
    "monospaceLinks": true,
    "useLongnameInNav": false
  },
  "opts": {
    "destination": "./docs/",
    "encoding": "utf8",
    "private": true,
    "recurse": true,
    "template": "./node_modules/ink-docstrap/template"
  },
  "templates": {
    "systemName"            : "Yappy, the Github Monitor",
    "copyright"             :  "© 2016 All Rights Reserved",
    "includeDate"           : "true",
    "navType"               : "inline",
    "theme"                 : "lumen",
    "linenums"              : true,
    "collapseSymbols"       : true,
    "inverseNav"            : false,
    "outputSourceFiles"     : true,
    "outputSourcePath"      : true,
    "syntaxTheme"           : "default",
    "sort"                  : "longname, version, string",
    "search"                : true
}
}
