{"meta":{"version":13,"date":1477658505169},"classes":[{"id":"ChannelConfigItem","name":"ChannelConfigItem","description":"A Channel Config Item","meta":{"line":17,"file":"ChannelConf.js","path":"lib"},"methods":[{"id":"ChannelConfigItem#delete","name":"delete","description":"Delete the channel's repo config","memberof":"ChannelConfigItem","meta":{"line":30,"file":"ChannelConf.js","path":"lib"},"returns":{"types":[[["null",""]]]},"params":[]}],"properties":[],"events":[]},{"id":"ChannelConfig","name":"ChannelConfig","description":"Channel Config for the bot","meta":{"line":38,"file":"ChannelConf.js","path":"lib"},"methods":[{"id":"ChannelConfig#setup","name":"setup","description":"Set up the channel config by getting values from the DB, and transforming them into ChannelConfigItem(s)","memberof":"ChannelConfig","meta":{"line":46,"file":"ChannelConf.js","path":"lib"},"returns":{"types":[[["null",""]]]},"params":[]},{"id":"ChannelConfig#refresh","name":"refresh","description":"Refresh the config, get from DB","memberof":"ChannelConfig","meta":{"line":57,"file":"ChannelConf.js","path":"lib"},"returns":{"types":[[["null",""]]]},"params":[]},{"id":"ChannelConfig#FindAll","name":"FindAll","description":"Get all data for every channel and every repo","memberof":"ChannelConfig","meta":{"line":72,"file":"ChannelConf.js","path":"lib"},"returns":{"types":[[["Promise",".<"],["Collection",".<"],["ChannelConfigItem",">>"]]]},"params":[]},{"id":"ChannelConfig#Find","name":"Find","description":"Find conf by channel and repo","memberof":"ChannelConfig","meta":{"line":81,"file":"ChannelConf.js","path":"lib"},"returns":{"types":[[["Promise",".<"],["ChannelConfigItem",">"]]]},"params":[{"name":"channel","description":"channel","type":{"types":[[["String",""]]]}},{"name":"repo","description":"repo","type":{"types":[[["String",""]]]}}]},{"id":"ChannelConfig#FindByRepo","name":"FindByRepo","description":"Get the channels that have events for repo","memberof":"ChannelConfig","meta":{"line":91,"file":"ChannelConf.js","path":"lib"},"returns":{"types":[[["Promise",".<"],["Collection",".<"],["ChannelConfigItem",">>"]]]},"params":[{"name":"repo","description":"repo to search channels for","type":{"types":[[["String",""]]]}}]},{"id":"ChannelConfig#FindByChannel","name":"FindByChannel","description":"Get the repos that have events in channel","memberof":"ChannelConfig","meta":{"line":99,"file":"ChannelConf.js","path":"lib"},"returns":{"types":[[["Promise",".<"],["Collection",".<"],["ChannelConfigItem",">>"]]]},"params":[{"name":"channel","description":"channel to search repos for","type":{"types":[[["String",""]]]}}]},{"id":"ChannelConfig#DeleteChannel","name":"DeleteChannel","description":"Delete a channel's config","memberof":"ChannelConfig","meta":{"line":107,"file":"ChannelConf.js","path":"lib"},"returns":{"types":[[["Promise",""]]]},"params":[{"name":"channel","description":"channel to delete configs of","type":{"types":[[["String",""]]]}}]},{"id":"ChannelConfig#DeleteRepo","name":"DeleteRepo","description":"Delete a channel's config for a specific repo","memberof":"ChannelConfig","meta":{"line":122,"file":"ChannelConf.js","path":"lib"},"returns":{"types":[[["Promise",""]]]},"params":[{"name":"channel","description":"channel to delete config for","type":{"types":[[["String",""]]]}},{"name":"repo","description":"repo to delete config of","type":{"types":[[["String",""]]]}}]},{"id":"ChannelConfig#Add","name":"Add","description":"Create config for a channel for a specific repo","memberof":"ChannelConfig","meta":{"line":139,"file":"ChannelConf.js","path":"lib"},"returns":{"types":[[["Promise",""]]]},"params":[{"name":"channel","description":"channel to add config for","type":{"types":[[["String",""]]]}},{"name":"guild","description":"channel's guild","type":{"types":[[["String",""]]]}},{"name":"repo","description":"repo to add config for channel","type":{"types":[[["String",""]]]}}]}],"properties":[],"events":[]},{"id":"Collection","name":"Collection","description":"A utility class to help make it easier to access the data stores","meta":{"line":5,"file":"Collection.js","path":"lib"},"extends":["Map"],"methods":[{"id":"Collection#array","name":"array","description":"Creates an ordered array of the values of this collection, and caches it internally. The array will only be\nreconstructed if an item is added to or removed from the collection, or if you add/remove elements on the array.","memberof":"Collection","examples":["// identical to:\nArray.from(collection.values());"],"meta":{"line":32,"file":"Collection.js","path":"lib"},"returns":{"types":[[["Array",""]]]},"params":[]},{"id":"Collection#keyArray","name":"keyArray","description":"Creates an ordered array of the keys of this collection, and caches it internally. The array will only be\nreconstructed if an item is added to or removed from the collection, or if you add/remove elements on the array.","memberof":"Collection","examples":["// identical to:\nArray.from(collection.keys());"],"meta":{"line":45,"file":"Collection.js","path":"lib"},"returns":{"types":[[["Array",""]]]},"params":[]},{"id":"Collection#first","name":"first","description":"Returns the first item in this collection.","memberof":"Collection","meta":{"line":54,"file":"Collection.js","path":"lib"},"returns":{"types":[["*",""]]},"params":[]},{"id":"Collection#firstKey","name":"firstKey","description":"Returns the first key in this collection.","memberof":"Collection","meta":{"line":62,"file":"Collection.js","path":"lib"},"returns":{"types":[["*",""]]},"params":[]},{"id":"Collection#last","name":"last","description":"Returns the last item in this collection. This is a relatively slow operation,\nsince an array copy of the values must be made to find the last element.","memberof":"Collection","meta":{"line":71,"file":"Collection.js","path":"lib"},"returns":{"types":[["*",""]]},"params":[]},{"id":"Collection#lastKey","name":"lastKey","description":"Returns the last key in this collection. This is a relatively slow operation,\nsince an array copy of the keys must be made to find the last element.","memberof":"Collection","meta":{"line":81,"file":"Collection.js","path":"lib"},"returns":{"types":[["*",""]]},"params":[]},{"id":"Collection#random","name":"random","description":"Returns a random item from this collection. This is a relatively slow operation,\nsince an array copy of the values must be made to find a random element.","memberof":"Collection","meta":{"line":91,"file":"Collection.js","path":"lib"},"returns":{"types":[["*",""]]},"params":[]},{"id":"Collection#randomKey","name":"randomKey","description":"Returns a random key from this collection. This is a relatively slow operation,\nsince an array copy of the keys must be made to find a random element.","memberof":"Collection","meta":{"line":101,"file":"Collection.js","path":"lib"},"returns":{"types":[["*",""]]},"params":[]},{"id":"Collection#findAll","name":"findAll","description":"Returns an array of items where `item[prop] === value` of the collection","memberof":"Collection","examples":["collection.findAll('username', 'Bob');"],"meta":{"line":114,"file":"Collection.js","path":"lib"},"returns":{"types":[[["array",""]]]},"params":[{"name":"prop","description":"The property to test against","type":{"types":[[["string",""]]]}},{"name":"value","description":"The expected value","type":{"types":[["*",""]]}}]},{"id":"Collection#find","name":"find","description":"Returns a single item where `item[prop] === value`, or the given function returns `true`.\nIn the latter case, this is identical to\n[Array.find()](https://developer.mozilla.org/en-US/docs/Web/JavaScript/Reference/Global_Objects/Array/find).","memberof":"Collection","examples":["collection.find('username', 'Bob');","collection.find(val => val.username === 'Bob');"],"meta":{"line":136,"file":"Collection.js","path":"lib"},"returns":{"types":[["*",""]]},"params":[{"name":"propOrFn","description":"The property to test against, or the function to test with","type":{"types":[[["string",""]],[["function",""]]]}},{"name":"value","description":"The expected value - only applicable and required if using a property for the first argument","optional":true,"type":{"types":[["*",""]]}}]},{"id":"Collection#findKey","name":"findKey","description":"Returns the key of the item where `item[prop] === value`, or the given function returns `true`.\nIn the latter case, this is identical to\n[Array.findIndex()](https://developer.mozilla.org/en-US/docs/Web/JavaScript/Reference/Global_Objects/Array/findIndex).","memberof":"Collection","examples":["collection.findKey('username', 'Bob');","collection.findKey(val => val.username === 'Bob');"],"meta":{"line":167,"file":"Collection.js","path":"lib"},"returns":{"types":[["*",""]]},"params":[{"name":"propOrFn","description":"The property to test against, or the function to test with","type":{"types":[[["string",""]],[["function",""]]]}},{"name":"value","description":"The expected value - only applicable and required if using a property for the first argument","optional":true,"type":{"types":[["*",""]]}}]},{"id":"Collection#exists","name":"exists","description":"Returns true if the collection has an item where `item[prop] === value`","memberof":"Collection","examples":["if (collection.exists('username', 'Bob')) {\n console.log('user here!');\n}"],"meta":{"line":194,"file":"Collection.js","path":"lib"},"returns":{"types":[[["boolean",""]]]},"params":[{"name":"prop","description":"The property to test against","type":{"types":[[["string",""]]]}},{"name":"value","description":"The expected value","type":{"types":[["*",""]]}}]},{"id":"Collection#filter","name":"filter","description":"Identical to\n[Array.filter()](https://developer.mozilla.org/en-US/docs/Web/JavaScript/Reference/Global_Objects/Array/filter),\nbut returns a Collection instead of an Array.","memberof":"Collection","meta":{"line":206,"file":"Collection.js","path":"lib"},"returns":{"types":[[["Collection",""]]]},"params":[{"name":"fn","description":"Function used to test (should return a boolean)","type":{"types":[[["function",""]]]}},{"name":"thisArg","description":"Value to use as `this` when executing function","optional":true,"type":{"types":[[["Object",""]]]}}]},{"id":"Collection#map","name":"map","description":"Identical to\n[Array.map()](https://developer.mozilla.org/en-US/docs/Web/JavaScript/Reference/Global_Objects/Array/map).","memberof":"Collection","meta":{"line":222,"file":"Collection.js","path":"lib"},"returns":{"types":[[["array",""]]]},"params":[{"name":"fn","description":"Function that produces an element of the new array, taking three arguments","type":{"types":[[["function",""]]]}},{"name":"thisArg","description":"Value to use as `this` when executing function","optional":true,"type":{"types":[["*",""]]}}]},{"id":"Collection#some","name":"some","description":"Identical to\n[Array.some()](https://developer.mozilla.org/en-US/docs/Web/JavaScript/Reference/Global_Objects/Array/some).","memberof":"Collection","meta":{"line":237,"file":"Collection.js","path":"lib"},"returns":{"types":[[["boolean",""]]]},"params":[{"name":"fn","description":"Function used to test (should return a boolean)","type":{"types":[[["function",""]]]}},{"name":"thisArg","description":"Value to use as `this` when executing function","optional":true,"type":{"types":[[["Object",""]]]}}]},{"id":"Collection#every","name":"every","description":"Identical to\n[Array.every()](https://developer.mozilla.org/en-US/docs/Web/JavaScript/Reference/Global_Objects/Array/every).","memberof":"Collection","meta":{"line":252,"file":"Collection.js","path":"lib"},"returns":{"types":[[["boolean",""]]]},"params":[{"name":"fn","description":"Function used to test (should return a boolean)","type":{"types":[[["function",""]]]}},{"name":"thisArg","description":"Value to use as `this` when executing function","optional":true,"type":{"types":[[["Object",""]]]}}]},{"id":"Collection#reduce","name":"reduce","description":"Identical to\n[Array.reduce()](https://developer.mozilla.org/en-US/docs/Web/JavaScript/Reference/Global_Objects/Array/reduce).","memberof":"Collection","meta":{"line":267,"file":"Collection.js","path":"lib"},"returns":{"types":[["*",""]]},"params":[{"name":"fn","description":"Function used to reduce","type":{"types":[[["function",""]]]}},{"name":"startVal","description":"The starting value","optional":true,"type":{"types":[["*",""]]}}]},{"id":"Collection#concat","name":"concat","description":"Combines this collection with others into a new collection. None of the source collections are modified.","memberof":"Collection","examples":["const newColl = someColl.concat(someOtherColl, anotherColl, ohBoyAColl);"],"meta":{"line":279,"file":"Collection.js","path":"lib"},"returns":{"types":[[["Collection",""]]]},"params":[{"name":"collections","description":"Collections to merge","type":{"types":[[["Collection",""]]]}}]},{"id":"Collection#deleteAll","name":"deleteAll","description":"If the items in this collection have a delete method (e.g. messages), invoke\nthe delete method. Returns an array of promises","memberof":"Collection","meta":{"line":293,"file":"Collection.js","path":"lib"},"returns":{"types":[[["Array",".<"],["Promise",">"]]]},"params":[]}],"properties":[],"events":[]},{"id":"Logger","name":"Logger","description":"A Logger to replace `console.log`.\nIt logs to the console, web, AND LogDNA","meta":{"line":28,"file":"Logger.js","path":"lib"},"methods":[{"id":"Logger#debug","name":"debug","description":"Debug it like you would `console.log` it ;)","memberof":"Logger","meta":{"line":46,"file":"Logger.js","path":"lib"},"returns":{"types":[[["null",""]]]},"params":[{"name":"...args","description":"all the arguments","type":{"types":[[["Mixed",""]]]}}]},{"id":"Logger#github","name":"github","description":"Log something about github, self-explanatory (right?)","memberof":"Logger","meta":{"line":54,"file":"Logger.js","path":"lib"},"returns":{"types":[[["null",""]]]},"params":[{"name":"...args","description":"all the arguments","type":{"types":[[["Mixed",""]]]}}]},{"id":"Logger#info","name":"info","description":"Give me some info, pls","memberof":"Logger","meta":{"line":62,"file":"Logger.js","path":"lib"},"returns":{"types":[[["null",""]]]},"params":[{"name":"...args","description":"all the arguments","type":{"types":[[["Mixed",""]]]}}]},{"id":"Logger#error","name":"error","description":"You gotta error it to me ;((","memberof":"Logger","meta":{"line":70,"file":"Logger.js","path":"lib"},"returns":{"types":[[["null",""]]]},"params":[{"name":"...args","description":"all the arguments","type":{"types":[[["Mixed",""]]]}}]},{"id":"Logger#message","name":"message","description":"Log a message!","memberof":"Logger","meta":{"line":83,"file":"Logger.js","path":"lib"},"returns":{"types":[[["null",""]]]},"params":[{"name":"...args","description":"all the arguments","type":{"types":[[["Mixed",""]]]}}]},{"id":"Logger#on","name":"on","memberof":"Logger","meta":{"line":92,"file":"Logger.js","path":"lib"},"returns":{"types":[[["null",""]]]},"params":[{"name":"event","description":"what kind of log","type":{"types":[[["String",""]]]}},{"name":"cb","description":"callback","type":{"types":[[["cb",""]]]}}]}],"properties":[{"id":"Logger#logs","name":"logs","description":"Get all the logs from the latest run","memberof":"Logger","type":{},"meta":{"line":121,"file":"Logger.js","path":"lib"},"props":[]}],"events":[]},{"id":"ServerConfigItem","name":"ServerConfigItem","description":"A Server Config Item","meta":{"line":28,"file":"ServerConf.js","path":"lib"},"methods":[{"id":"ServerConfigItem#delete","name":"delete","description":"Delete the server's config","memberof":"ServerConfigItem","meta":{"line":43,"file":"ServerConf.js","path":"lib"},"returns":{"types":[[["null",""]]]},"params":[]},{"id":"ServerConfigItem#set","name":"set","description":"Set the server's config","memberof":"ServerConfigItem","meta":{"line":51,"file":"ServerConf.js","path":"lib"},"returns":{"types":[[["null",""]]]},"params":[]}],"properties":[],"events":[]},{"id":"ServerConfig","name":"ServerConfig","description":"A channel configuration class to add, set, delete repo events config from channels","meta":{"line":60,"file":"ServerConf.js","path":"lib"},"methods":[{"id":"ServerConfig#init","name":"init","description":"Inits the guilds configuration by getting database rows, and initializes guilds that don't have config yet","memberof":"ServerConfig","meta":{"line":66,"file":"ServerConf.js","path":"lib"},"returns":{},"params":[]},{"id":"ServerConfig#refresh","name":"refresh","description":"Refresh the config, get from DB","memberof":"ServerConfig","meta":{"line":95,"file":"ServerConf.js","path":"lib"},"returns":{"types":[[["null",""]]]},"params":[]},{"id":"ServerConfig#AddGuild","name":"AddGuild","description":"Add guild to config","memberof":"ServerConfig","meta":{"line":111,"file":"ServerConf.js","path":"lib"},"returns":{"types":[[["Promise",".<"],["Object",">"]]]},"params":[{"name":"guild","description":"The guild's object","type":{"types":[[["String",""]]]}}]},{"id":"ServerConfig#GetGuild","name":"GetGuild","description":"Get the server config for a spefic server","memberof":"ServerConfig","meta":{"line":137,"file":"ServerConf.js","path":"lib"},"returns":{"types":[[["ServerConfig",""]]]},"params":[{"name":"guild","description":"The guild's object","type":{"types":[[["String",""]]]}}]},{"id":"ServerConfig#SetGuild","name":"SetGuild","description":"Set the server's config","memberof":"ServerConfig","meta":{"line":167,"file":"ServerConf.js","path":"lib"},"returns":{"types":[[["null",""]]]},"params":[{"name":"guild","description":"guild to change conf for","type":{"types":[[["Guild",""]]]}},{"name":"key","description":"property to change in the conf","type":{"types":[[["String",""]]]}},{"name":"value","description":"value for the property","type":{"types":[["*",""]]}}]},{"id":"ServerConfig#RemoveGuild","name":"RemoveGuild","description":"Delete a spefic server's repo configuration","memberof":"ServerConfig","meta":{"line":215,"file":"ServerConf.js","path":"lib"},"returns":{"types":[[["Promise",".<"],["Collection",">"]]]},"params":[{"name":"server_id","description":"The guild id for which to delete the info","type":{"types":[[["String",""]]]}}]}],"properties":[],"events":[]},{"id":"Util","name":"Util","description":"Contains general utility methods","meta":{"line":2,"file":"Util.js","path":"lib"},"methods":[{"id":"Util#Paginate","name":"Paginate","description":"Paginate an array of items","memberof":"Util","meta":{"line":17,"file":"Util.js","path":"lib"},"returns":{"types":[[["Object",""]]]},"params":[{"name":"items","description":"An array of items to paginate","type":{"types":[[["Array",".<"],["Object",">"]]]}},{"name":"page","description":"The page to select","optional":true,"type":{"types":[[["number",""]]]}},{"name":"pageLength","description":"The number of items per page","optional":true,"type":{"types":[[["number",""]]]}}]},{"id":"Util#Search","name":"Search","description":"Search for matches in a list of items","memberof":"Util","meta":{"line":39,"file":"Util.js","path":"lib"},"returns":{"types":[[["Array",".<"],["Object",">"]]]},"params":[{"name":"items","description":"An array of items to search in","type":{"types":[[["Array",".<"],["Object",">"]]]}},{"name":"searchString","description":"The string to search for","type":{"types":[[["string",""]]]}},{"name":"options","description":"An options object","type":{"types":[[["SearchOptions",""]]]}}]},{"id":"Util#Pad","name":"Pad","description":"Add padding to the right of a string","memberof":"Util","meta":{"line":78,"file":"Util.js","path":"lib"},"returns":{"types":[[["String",""]]]},"params":[{"name":"string","description":"The string to pad","type":{"types":[[["String",""]]]}},{"name":"length","description":"Length of final string","type":{"types":[[["Integer",""]]]}}]},{"id":"Util#EscapeMarkdown","name":"EscapeMarkdown","description":"Escapes Markdown in the string","memberof":"Util","meta":{"line":87,"file":"Util.js","path":"lib"},"returns":{"types":[[["string",""]]]},"params":[{"name":"text","description":"The text to escape","type":{"types":[[["string",""]]]}}]}],"properties":[],"events":[]}],"interfaces":[],"typedefs":[],"custom":{"general":[{"category":"general","name":"Welcome","data":"<p align=\"center\">\r\n  <a href=\"https://datitisev.github.io/DiscordBot-Yappy\">\r\n    <img alt=\"Github Events w/o webhooks\" src=\"https://u.pomf.is/jzajwy.png\" width=\"546\"><br />\r\n    <img alt=\"Github Events w/ webhooks\" src=\"https://u.pomf.is/vurxay.png\" width=\"546\"><br />\r\n  </a>\r\n</p>\r\n\r\n[![Online Users in Yappy Discord Server](https://discordapp.com/api/guilds/231548941492027393/embed.png)](https://discord.gg/HHqndMG)\r\n[![Yappy: David (Dependencies status)](https://img.shields.io/david/datitisev/DiscordBot-Yappy.svg?maxAge=2592000)](https://david-dm.org/datitisev/DiscordBot-Yappy)\r\n[![Yappy: Codacy Badge](https://api.codacy.com/project/badge/Grade/950ed41fd5b6417d9cc83f332d93e0ef)](https://www.codacy.com/app/datiti/DiscordBot-Yappy?utm_source=github.com&amp;utm_medium=referral&amp;utm_content=datitisev/DiscordBot-Yappy&amp;utm_campaign=Badge_Grade)\r\n\r\nYappy monitors your Github repos and pushes events to one or multiple Discord channel(s)!\r\n\r\n# Welcome!\r\nWelcome to Yappy's documentation. See the FAQ for help. Create an issue on Github or talk to us in our official discord server if you have an issue or want to recommend something for the bot or the documentation.\r\n\r\n## Usage\r\n... to be written ...\r\n\r\n## Help\r\nIf you don't understand something in the documentation, you are experiencing problems, or you just need a gentle\r\nnudge in the right direction, please don't hesitate to join our official [Yappy Server](https://discord.gg/HHqndMG).\r\n"},{"category":"general","name":"FAQ","data":"# Frequently Asked Questions\nThese are just questions that get asked frequently, that usually have a common resolution.\nIf you have issues not listed here, please ask in the [Official Yappy Server](https://discord.gg/HHqndMG).\n\n## I set up a Github webhook pointing to the website, but I don't see any events on the channel\nSay `G! init <repo>` on the channel where you want the events.\n`repo` can be a Github url or `username/repo`\n\n## I added a webhook to the channel where I get events, but Yappy isn't using it\nThe Discord webhook must include \"Yappy\" or \"Github\" in its name.\nYappy must also have \"Manage Webhooks\" permission in that channel\n"}]}}